1,1,17,4:18,2014-12-14 22:00:00.000
1,1,16,4:23,2014-12-14 22:00:00.000
1,1,15,4:29,2014-12-14 22:00:00.000
1,1,14,4:35,2014-12-14 22:00:00.000
1,1,13,4:43,2014-12-14 22:00:00.000
1,1,12,4:47,2014-12-14 22:00:00.000
1,1,11,4:51,2014-12-14 22:00:00.000
1,1,10,5:00,2014-12-14 22:00:00.000
1,1,9,5:06,2014-12-14 22:00:00.000
1,1,8,5:12,2014-12-14 22:00:00.000
1,1,7,5:18,2014-12-14 22:00:00.000
1,1,6,5:25,2014-12-14 22:00:00.000
1,1,5,5:30,2014-12-14 22:00:00.000
1,1,4,6:05,2014-12-14 22:00:00.000
1,1,3,5:38,2014-12-14 22:00:00.000
1,1,2,5:44,2014-12-14 22:00:00.000
1,1,1,5:55,2014-12-14 22:00:00.000
1,2,17,4:48,2014-12-14 22:00:00.000
1,2,16,4:54,2014-12-14 22:00:00.000
1,2,15,5:00,2014-12-14 22:00:00.000
1,2,14,5:06,2014-12-14 22:00:00.000
1,2,13,5:15,2014-12-14 22:00:00.000
1,2,12,5:19,2014-12-14 22:00:00.000
1,2,11,5:23,2014-12-14 22:00:00.000
1,2,10,5:32,2014-12-14 22:00:00.000
1,2,9,5:39,2014-12-14 22:00:00.000
1,2,8,5:45,2014-12-14 22:00:00.000
1,2,7,5:51,2014-12-14 22:00:00.000
1,2,6,5:59,2014-12-14 22:00:00.000
1,2,5,6:04,2014-12-14 22:00:00.000
1,2,4,6:40,2014-12-14 22:00:00.000
1,2,3,6:13,2014-12-14 22:00:00.000
1,2,2,6:19,2014-12-14 22:00:00.000
1,2,1,6:30,2014-12-14 22:00:00.000
1,3,17,5:13,2014-12-14 22:00:00.000
1,3,16,5:19,2014-12-14 22:00:00.000
1,3,15,5:25,2014-12-14 22:00:00.000
1,3,14,5:31,2014-12-14 22:00:00.000
1,3,13,5:40,2014-12-14 22:00:00.000
1,3,12,5:44,2014-12-14 22:00:00.000
1,3,11,5:48,2014-12-14 22:00:00.000
1,3,10,5:57,2014-12-14 22:00:00.000
1,3,9,6:04,2014-12-14 22:00:00.000
1,3,8,6:10,2014-12-14 22:00:00.000
1,3,7,6:16,2014-12-14 22:00:00.000
1,3,6,6:24,2014-12-14 22:00:00.000
1,3,5,6:29,2014-12-14 22:00:00.000
1,3,4,6:38,2014-12-14 22:00:00.000
1,3,3,6:44,2014-12-14 22:00:00.000
1,3,2,6:55,2014-12-14 22:00:00.000
1,3,1,7:05,2014-12-14 22:00:00.000
1,4,17,5:38,2014-12-14 22:00:00.000
1,4,16,5:49,2014-12-14 22:00:00.000
1,4,15,5:55,2014-12-14 22:00:00.000
1,4,14,6:01,2014-12-14 22:00:00.000
1,4,13,6:10,2014-12-14 22:00:00.000
1,4,12,6:14,2014-12-14 22:00:00.000
1,4,11,6:18,2014-12-14 22:00:00.000
1,4,10,6:27,2014-12-14 22:00:00.000
1,4,9,6:34,2014-12-14 22:00:00.000
1,4,8,6:40,2014-12-14 22:00:00.000
1,4,7,6:46,2014-12-14 22:00:00.000
1,4,6,6:54,2014-12-14 22:00:00.000
1,4,5,6:59,2014-12-14 22:00:00.000
1,4,4,7:08,2014-12-14 22:00:00.000
1,4,3,7:14,2014-12-14 22:00:00.000
1,4,2,7:25,2014-12-14 22:00:00.000
1,4,1,7:35,2014-12-14 22:00:00.000
1,5,17,6:03,2014-12-14 22:00:00.000
1,5,16,6:09,2014-12-14 22:00:00.000
1,5,15,6:15,2014-12-14 22:00:00.000
1,5,14,6:21,2014-12-14 22:00:00.000
1,5,13,6:30,2014-12-14 22:00:00.000
1,5,12,6:34,2014-12-14 22:00:00.000
1,5,11,6:38,2014-12-14 22:00:00.000
1,5,10,6:47,2014-12-14 22:00:00.000
1,5,9,6:54,2014-12-14 22:00:00.000
1,5,8,7:00,2014-12-14 22:00:00.000
1,5,7,7:06,2014-12-14 22:00:00.000
1,5,6,7:14,2014-12-14 22:00:00.000
1,5,5,7:19,2014-12-14 22:00:00.000
1,5,4,7:28,2014-12-14 22:00:00.000
1,5,3,7:34,2014-12-14 22:00:00.000
1,5,2,7:45,2014-12-14 22:00:00.000
1,5,1,7:55,2014-12-14 22:00:00.000
1,6,17,6:23,2014-12-14 22:00:00.000
1,6,16,6:29,2014-12-14 22:00:00.000
1,6,15,6:35,2014-12-14 22:00:00.000
1,6,14,6:41,2014-12-14 22:00:00.000
1,6,13,6:50,2014-12-14 22:00:00.000
1,6,12,6:54,2014-12-14 22:00:00.000
1,6,11,6:58,2014-12-14 22:00:00.000
1,6,10,7:07,2014-12-14 22:00:00.000
1,6,9,7:14,2014-12-14 22:00:00.000
1,6,8,7:20,2014-12-14 22:00:00.000
1,6,7,7:26,2014-12-14 22:00:00.000
1,6,6,7:34,2014-12-14 22:00:00.000
1,6,5,7:39,2014-12-14 22:00:00.000
1,6,4,7:48,2014-12-14 22:00:00.000
1,6,3,7:54,2014-12-14 22:00:00.000
1,6,2,8:05,2014-12-14 22:00:00.000
1,6,1,8:15,2014-12-14 22:00:00.000
1,7,17,7:03,2014-12-14 22:00:00.000
1,7,16,7:09,2014-12-14 22:00:00.000
1,7,15,7:15,2014-12-14 22:00:00.000
1,7,14,7:21,2014-12-14 22:00:00.000
1,7,13,7:30,2014-12-14 22:00:00.000
1,7,12,7:34,2014-12-14 22:00:00.000
1,7,11,7:38,2014-12-14 22:00:00.000
1,7,10,7:47,2014-12-14 22:00:00.000
1,7,9,7:54,2014-12-14 22:00:00.000
1,7,8,8:00,2014-12-14 22:00:00.000
1,7,7,8:06,2014-12-14 22:00:00.000
1,7,6,8:14,2014-12-14 22:00:00.000
1,7,5,8:19,2014-12-14 22:00:00.000
1,7,4,8:28,2014-12-14 22:00:00.000
1,7,3,8:34,2014-12-14 22:00:00.000
1,7,2,8:45,2014-12-14 22:00:00.000
1,7,1,8:55,2014-12-14 22:00:00.000
1,8,17,7:43,2014-12-14 22:00:00.000
1,8,16,7:49,2014-12-14 22:00:00.000
1,8,15,7:55,2014-12-14 22:00:00.000
1,8,14,8:01,2014-12-14 22:00:00.000
1,8,13,8:10,2014-12-14 22:00:00.000
1,8,12,8:14,2014-12-14 22:00:00.000
1,8,11,8:18,2014-12-14 22:00:00.000
1,8,10,8:27,2014-12-14 22:00:00.000
1,8,9,8:34,2014-12-14 22:00:00.000
1,8,8,8:40,2014-12-14 22:00:00.000
1,8,7,8:46,2014-12-14 22:00:00.000
1,8,6,8:54,2014-12-14 22:00:00.000
1,8,5,8:59,2014-12-14 22:00:00.000
1,8,4,9:08,2014-12-14 22:00:00.000
1,8,3,9:14,2014-12-14 22:00:00.000
1,8,2,9:25,2014-12-14 22:00:00.000
1,8,1,9:35,2014-12-14 22:00:00.000
1,9,17,8:23,2014-12-14 22:00:00.000
1,9,16,8:30,2014-12-14 22:00:00.000
1,9,15,8:36,2014-12-14 22:00:00.000
1,9,14,8:43,2014-12-14 22:00:00.000
1,9,13,8:52,2014-12-14 22:00:00.000
1,9,12,8:56,2014-12-14 22:00:00.000
1,9,11,9:00,2014-12-14 22:00:00.000
1,9,10,9:09,2014-12-14 22:00:00.000
1,9,9,9:16,2014-12-14 22:00:00.000
1,9,8,9:23,2014-12-14 22:00:00.000
1,9,7,9:29,2014-12-14 22:00:00.000
1,9,6,9:38,2014-12-14 22:00:00.000
1,9,5,9:44,2014-12-14 22:00:00.000
1,9,4,9:53,2014-12-14 22:00:00.000
1,9,3,9:59,2014-12-14 22:00:00.000
1,9,2,10:10,2014-12-14 22:00:00.000
1,9,1,10:20,2014-12-14 22:00:00.000
1,10,17,9:23,2014-12-14 22:00:00.000
1,10,16,9:30,2014-12-14 22:00:00.000
1,10,15,9:36,2014-12-14 22:00:00.000
1,10,14,9:43,2014-12-14 22:00:00.000
1,10,13,9:52,2014-12-14 22:00:00.000
1,10,12,9:56,2014-12-14 22:00:00.000
1,10,11,10:00,2014-12-14 22:00:00.000
1,10,10,10:09,2014-12-14 22:00:00.000
1,10,9,10:16,2014-12-14 22:00:00.000
1,10,8,10:23,2014-12-14 22:00:00.000
1,10,7,10:29,2014-12-14 22:00:00.000
1,10,6,10:38,2014-12-14 22:00:00.000
1,10,5,10:44,2014-12-14 22:00:00.000
1,10,4,10:53,2014-12-14 22:00:00.000
1,10,3,10:59,2014-12-14 22:00:00.000
1,10,2,11:10,2014-12-14 22:00:00.000
1,10,1,11:20,2014-12-14 22:00:00.000
1,11,17,10:23,2014-12-14 22:00:00.000
1,11,16,10:30,2014-12-14 22:00:00.000
1,11,15,10:36,2014-12-14 22:00:00.000
1,11,14,10:43,2014-12-14 22:00:00.000
1,11,13,10:52,2014-12-14 22:00:00.000
1,11,12,10:56,2014-12-14 22:00:00.000
1,11,11,11:00,2014-12-14 22:00:00.000
1,11,10,11:09,2014-12-14 22:00:00.000
1,11,9,11:16,2014-12-14 22:00:00.000
1,11,8,11:23,2014-12-14 22:00:00.000
1,11,7,11:29,2014-12-14 22:00:00.000
1,11,6,11:38,2014-12-14 22:00:00.000
1,11,5,11:44,2014-12-14 22:00:00.000
1,11,4,11:53,2014-12-14 22:00:00.000
1,11,3,11:59,2014-12-14 22:00:00.000
1,11,2,12:10,2014-12-14 22:00:00.000
1,11,1,12:20,2014-12-14 22:00:00.000
1,12,17,11:23,2014-12-14 22:00:00.000
1,12,16,11:30,2014-12-14 22:00:00.000
1,12,15,11:36,2014-12-14 22:00:00.000
1,12,14,11:43,2014-12-14 22:00:00.000
1,12,13,11:52,2014-12-14 22:00:00.000
1,12,12,11:56,2014-12-14 22:00:00.000
1,12,11,12:00,2014-12-14 22:00:00.000
1,12,10,12:09,2014-12-14 22:00:00.000
1,12,9,12:16,2014-12-14 22:00:00.000
1,12,8,12:23,2014-12-14 22:00:00.000
1,12,7,12:29,2014-12-14 22:00:00.000
1,12,6,12:38,2014-12-14 22:00:00.000
1,12,5,12:44,2014-12-14 22:00:00.000
1,12,4,12:53,2014-12-14 22:00:00.000
1,12,3,12:59,2014-12-14 22:00:00.000
1,12,2,1:10,2014-12-14 22:00:00.000
1,12,1,1:20,2014-12-14 22:00:00.000
1,13,17,12:23,2014-12-14 22:00:00.000
1,13,16,12:30,2014-12-14 22:00:00.000
1,13,15,12:36,2014-12-14 22:00:00.000
1,13,14,12:43,2014-12-14 22:00:00.000
1,13,13,12:52,2014-12-14 22:00:00.000
1,13,12,12:56,2014-12-14 22:00:00.000
1,13,11,13:00,2014-12-14 22:00:00.000
1,13,10,13:09,2014-12-14 22:00:00.000
1,13,9,13:16,2014-12-14 22:00:00.000
1,13,8,13:23,2014-12-14 22:00:00.000
1,13,7,13:29,2014-12-14 22:00:00.000
1,13,6,13:38,2014-12-14 22:00:00.000
1,13,5,13:44,2014-12-14 22:00:00.000
1,13,4,13:53,2014-12-14 22:00:00.000
1,13,3,13:59,2014-12-14 22:00:00.000
1,13,2,14:10,2014-12-14 22:00:00.000
1,13,1,14:20,2014-12-14 22:00:00.000
1,14,17,13:23,2014-12-14 22:00:00.000
1,14,16,13:30,2014-12-14 22:00:00.000
1,14,15,13:36,2014-12-14 22:00:00.000
1,14,14,13:43,2014-12-14 22:00:00.000
1,14,13,13:52,2014-12-14 22:00:00.000
1,14,12,13:56,2014-12-14 22:00:00.000
1,14,11,14:00,2014-12-14 22:00:00.000
1,14,10,14:09,2014-12-14 22:00:00.000
1,14,9,14:16,2014-12-14 22:00:00.000
1,14,8,14:23,2014-12-14 22:00:00.000
1,14,7,14:29,2014-12-14 22:00:00.000
1,14,6,14:38,2014-12-14 22:00:00.000
1,14,5,14:44,2014-12-14 22:00:00.000
1,14,4,14:53,2014-12-14 22:00:00.000
1,14,3,14:59,2014-12-14 22:00:00.000
1,14,2,15:10,2014-12-14 22:00:00.000
1,14,1,15:20,2014-12-14 22:00:00.000
1,15,17,14:23,2014-12-14 22:00:00.000
1,15,16,14:30,2014-12-14 22:00:00.000
1,15,15,14:36,2014-12-14 22:00:00.000
1,15,14,14:43,2014-12-14 22:00:00.000
1,15,13,14:52,2014-12-14 22:00:00.000
1,15,12,14:56,2014-12-14 22:00:00.000
1,15,11,15:00,2014-12-14 22:00:00.000
1,15,10,15:09,2014-12-14 22:00:00.000
1,15,9,15:16,2014-12-14 22:00:00.000
1,15,8,15:23,2014-12-14 22:00:00.000
1,15,7,15:29,2014-12-14 22:00:00.000
1,15,6,15:38,2014-12-14 22:00:00.000
1,15,5,15:44,2014-12-14 22:00:00.000
1,15,4,15:53,2014-12-14 22:00:00.000
1,15,3,15:59,2014-12-14 22:00:00.000
1,15,2,16:10,2014-12-14 22:00:00.000
1,15,1,16:20,2014-12-14 22:00:00.000
1,16,17,15:13,2014-12-14 22:00:00.000
1,16,16,15:20,2014-12-14 22:00:00.000
1,16,15,15:26,2014-12-14 22:00:00.000
1,16,14,15:33,2014-12-14 22:00:00.000
1,16,13,15:42,2014-12-14 22:00:00.000
1,16,12,15:46,2014-12-14 22:00:00.000
1,16,11,15:50,2014-12-14 22:00:00.000
1,16,10,15:59,2014-12-14 22:00:00.000
1,16,9,16:06,2014-12-14 22:00:00.000
1,16,8,16:13,2014-12-14 22:00:00.000
1,16,7,16:19,2014-12-14 22:00:00.000
1,16,6,16:28,2014-12-14 22:00:00.000
1,16,5,16:34,2014-12-14 22:00:00.000
1,16,4,16:43,2014-12-14 22:00:00.000
1,16,3,16:49,2014-12-14 22:00:00.000
1,16,2,17:00,2014-12-14 22:00:00.000
1,16,1,17:10,2014-12-14 22:00:00.000
1,17,17,15:53,2014-12-14 22:00:00.000
1,17,16,16:09,2014-12-14 22:00:00.000
1,17,15,16:15,2014-12-14 22:00:00.000
1,17,14,16:21,2014-12-14 22:00:00.000
1,17,13,16:30,2014-12-14 22:00:00.000
1,17,12,16:34,2014-12-14 22:00:00.000
1,17,11,16:38,2014-12-14 22:00:00.000
1,17,10,16:47,2014-12-14 22:00:00.000
1,17,9,16:54,2014-12-14 22:00:00.000
1,17,8,17:00,2014-12-14 22:00:00.000
1,17,7,17:06,2014-12-14 22:00:00.000
1,17,6,17:14,2014-12-14 22:00:00.000
1,17,5,17:19,2014-12-14 22:00:00.000
1,17,4,17:28,2014-12-14 22:00:00.000
1,17,3,17:34,2014-12-14 22:00:00.000
1,17,2,17:45,2014-12-14 22:00:00.000
1,17,1,17:55,2014-12-14 22:00:00.000
1,18,17,16:33,2014-12-14 22:00:00.000
1,18,16,16:39,2014-12-14 22:00:00.000
1,18,15,16:45,2014-12-14 22:00:00.000
1,18,14,16:51,2014-12-14 22:00:00.000
1,18,13,17:00,2014-12-14 22:00:00.000
1,18,12,17:04,2014-12-14 22:00:00.000
1,18,11,17:08,2014-12-14 22:00:00.000
1,18,10,17:17,2014-12-14 22:00:00.000
1,18,9,17:24,2014-12-14 22:00:00.000
1,18,8,17:30,2014-12-14 22:00:00.000
1,18,7,17:36,2014-12-14 22:00:00.000
1,18,6,17:44,2014-12-14 22:00:00.000
1,18,5,17:49,2014-12-14 22:00:00.000
1,18,4,17:58,2014-12-14 22:00:00.000
1,18,3,18:04,2014-12-14 22:00:00.000
1,18,2,18:15,2014-12-14 22:00:00.000
1,18,1,18:25,2014-12-14 22:00:00.000
1,19,17,16:53,2014-12-14 22:00:00.000
1,19,16,16:59,2014-12-14 22:00:00.000
1,19,15,17:05,2014-12-14 22:00:00.000
1,19,14,17:11,2014-12-14 22:00:00.000
1,19,13,17:20,2014-12-14 22:00:00.000
1,19,12,17:24,2014-12-14 22:00:00.000
1,19,11,17:28,2014-12-14 22:00:00.000
1,19,10,17:37,2014-12-14 22:00:00.000
1,19,9,17:44,2014-12-14 22:00:00.000
1,19,8,17:50,2014-12-14 22:00:00.000
1,19,7,17:56,2014-12-14 22:00:00.000
1,19,6,18:04,2014-12-14 22:00:00.000
1,19,5,18:09,2014-12-14 22:00:00.000
1,19,4,18:18,2014-12-14 22:00:00.000
1,19,3,18:24,2014-12-14 22:00:00.000
1,19,2,18:35,2014-12-14 22:00:00.000
1,19,1,18:45,2014-12-14 22:00:00.000
1,20,17,17:00,2014-12-14 22:00:00.000
1,20,16,17:29,2014-12-14 22:00:00.000
1,20,15,17:35,2014-12-14 22:00:00.000
1,20,14,17:41,2014-12-14 22:00:00.000
1,20,13,17:50,2014-12-14 22:00:00.000
1,20,12,17:54,2014-12-14 22:00:00.000
1,20,11,17:58,2014-12-14 22:00:00.000
1,20,10,18:07,2014-12-14 22:00:00.000
1,20,9,18:14,2014-12-14 22:00:00.000
1,20,8,18:20,2014-12-14 22:00:00.000
1,20,7,18:26,2014-12-14 22:00:00.000
1,20,6,18:34,2014-12-14 22:00:00.000
1,20,5,18:39,2014-12-14 22:00:00.000
1,20,4,18:48,2014-12-14 22:00:00.000
1,20,3,18:54,2014-12-14 22:00:00.000
1,20,2,19:05,2014-12-14 22:00:00.000
1,20,1,19:15,2014-12-14 22:00:00.000
1,21,17,17:51,2014-12-14 22:00:00.000
1,21,16,17:57,2014-12-14 22:00:00.000
1,21,15,18:03,2014-12-14 22:00:00.000
1,21,14,18:09,2014-12-14 22:00:00.000
1,21,13,18:18,2014-12-14 22:00:00.000
1,21,12,18:22,2014-12-14 22:00:00.000
1,21,11,18:26,2014-12-14 22:00:00.000
1,21,10,18:35,2014-12-14 22:00:00.000
1,21,9,18:42,2014-12-14 22:00:00.000
1,21,8,18:48,2014-12-14 22:00:00.000
1,21,7,18:54,2014-12-14 22:00:00.000
1,21,6,19:02,2014-12-14 22:00:00.000
1,21,5,19:07,2014-12-14 22:00:00.000
1,21,4,19:16,2014-12-14 22:00:00.000
1,21,3,19:22,2014-12-14 22:00:00.000
1,21,2,19:33,2014-12-14 22:00:00.000
1,21,1,19:43,2014-12-14 22:00:00.000
1,22,17,17:58,2014-12-14 22:00:00.000
1,22,16,18:29,2014-12-14 22:00:00.000
1,22,15,18:35,2014-12-14 22:00:00.000
1,22,14,18:41,2014-12-14 22:00:00.000
1,22,13,18:50,2014-12-14 22:00:00.000
1,22,12,18:54,2014-12-14 22:00:00.000
1,22,11,18:58,2014-12-14 22:00:00.000
1,22,10,19:07,2014-12-14 22:00:00.000
1,22,9,19:14,2014-12-14 22:00:00.000
1,22,8,19:20,2014-12-14 22:00:00.000
1,22,7,19:26,2014-12-14 22:00:00.000
1,22,6,19:34,2014-12-14 22:00:00.000
1,22,5,19:39,2014-12-14 22:00:00.000
1,22,4,19:48,2014-12-14 22:00:00.000
1,22,3,19:54,2014-12-14 22:00:00.000
1,22,2,20:05,2014-12-14 22:00:00.000
1,22,1,20:15,2014-12-14 22:00:00.000
1,23,17,18:53,2014-12-14 22:00:00.000
1,23,16,18:59,2014-12-14 22:00:00.000
1,23,15,19:05,2014-12-14 22:00:00.000
1,23,14,19:11,2014-12-14 22:00:00.000
1,23,13,19:20,2014-12-14 22:00:00.000
1,23,12,19:24,2014-12-14 22:00:00.000
1,23,11,19:28,2014-12-14 22:00:00.000
1,23,10,19:37,2014-12-14 22:00:00.000
1,23,9,19:44,2014-12-14 22:00:00.000
1,23,8,19:50,2014-12-14 22:00:00.000
1,23,7,19:56,2014-12-14 22:00:00.000
1,23,6,20:04,2014-12-14 22:00:00.000
1,23,5,20:09,2014-12-14 22:00:00.000
1,23,4,20:18,2014-12-14 22:00:00.000
1,23,3,20:24,2014-12-14 22:00:00.000
1,23,2,20:35,2014-12-14 22:00:00.000
1,23,1,20:45,2014-12-14 22:00:00.000
1,24,17,19:53,2014-12-14 22:00:00.000
1,24,16,19:59,2014-12-14 22:00:00.000
1,24,15,20:05,2014-12-14 22:00:00.000
1,24,14,20:11,2014-12-14 22:00:00.000
1,24,13,20:20,2014-12-14 22:00:00.000
1,24,12,20:24,2014-12-14 22:00:00.000
1,24,11,20:28,2014-12-14 22:00:00.000
1,24,10,20:37,2014-12-14 22:00:00.000
1,24,9,20:44,2014-12-14 22:00:00.000
1,24,8,20:50,2014-12-14 22:00:00.000
1,24,7,20:56,2014-12-14 22:00:00.000
1,24,6,21:04,2014-12-14 22:00:00.000
1,24,5,21:09,2014-12-14 22:00:00.000
1,24,4,21:18,2014-12-14 22:00:00.000
1,24,3,21:24,2014-12-14 22:00:00.000
1,24,2,21:35,2014-12-14 22:00:00.000
1,24,1,21:45,2014-12-14 22:00:00.000
1,25,17,21:43,2014-12-14 22:00:00.000
1,25,16,21:49,2014-12-14 22:00:00.000
1,25,15,21:55,2014-12-14 22:00:00.000
1,25,14,22:01,2014-12-14 22:00:00.000
1,25,13,22:10,2014-12-14 22:00:00.000
1,25,12,22:14,2014-12-14 22:00:00.000
1,25,11,22:18,2014-12-14 22:00:00.000
1,25,10,22:27,2014-12-14 22:00:00.000
1,25,9,22:34,2014-12-14 22:00:00.000
1,25,8,22:40,2014-12-14 22:00:00.000
1,25,7,22:46,2014-12-14 22:00:00.000
1,25,6,22:54,2014-12-14 22:00:00.000
1,25,5,22:59,2014-12-14 22:00:00.000
1,25,4,23:08,2014-12-14 22:00:00.000
1,25,3,23:14,2014-12-14 22:00:00.000
1,25,2,23:25,2014-12-14 22:00:00.000
1,25,1,23:35,2014-12-14 22:00:00.000
1,26,17,5:20,2014-12-14 22:00:00.000
1,26,16,5:27,2014-12-14 22:00:00.000
1,26,15,5:33,2014-12-14 22:00:00.000
1,26,14,5:39,2014-12-14 22:00:00.000
1,26,13,5:49,2014-12-14 22:00:00.000
1,26,12,5:53,2014-12-14 22:00:00.000
1,26,11,5:57,2014-12-14 22:00:00.000
1,26,10,6:05,2014-12-14 22:00:00.000
1,26,9,6:12,2014-12-14 22:00:00.000
1,26,8,6:19,2014-12-14 22:00:00.000
1,26,7,6:25,2014-12-14 22:00:00.000
1,26,6,6:33,2014-12-14 22:00:00.000
1,26,5,6:39,2014-12-14 22:00:00.000
1,26,4,6:48,2014-12-14 22:00:00.000
1,26,3,6:54,2014-12-14 22:00:00.000
1,26,2,7:05,2014-12-14 22:00:00.000
1,26,1,7:20,2014-12-14 22:00:00.000
1,27,17,6:20,2014-12-14 22:00:00.000
1,27,16,6:27,2014-12-14 22:00:00.000
1,27,15,6:33,2014-12-14 22:00:00.000
1,27,14,6:39,2014-12-14 22:00:00.000
1,27,13,6:49,2014-12-14 22:00:00.000
1,27,12,6:53,2014-12-14 22:00:00.000
1,27,11,6:57,2014-12-14 22:00:00.000
1,27,10,7:05,2014-12-14 22:00:00.000
1,27,9,7:12,2014-12-14 22:00:00.000
1,27,8,7:19,2014-12-14 22:00:00.000
1,27,7,7:25,2014-12-14 22:00:00.000
1,27,6,7:33,2014-12-14 22:00:00.000
1,27,5,7:39,2014-12-14 22:00:00.000
1,27,4,7:48,2014-12-14 22:00:00.000
1,27,3,7:54,2014-12-14 22:00:00.000
1,27,2,8:05,2014-12-14 22:00:00.000
1,27,1,8:20,2014-12-14 22:00:00.000
1,28,17,7:20,2014-12-14 22:00:00.000
1,28,16,7:27,2014-12-14 22:00:00.000
1,28,15,7:33,2014-12-14 22:00:00.000
1,28,14,7:39,2014-12-14 22:00:00.000
1,28,13,7:49,2014-12-14 22:00:00.000
1,28,12,7:53,2014-12-14 22:00:00.000
1,28,11,7:57,2014-12-14 22:00:00.000
1,28,10,8:05,2014-12-14 22:00:00.000
1,28,9,8:12,2014-12-14 22:00:00.000
1,28,8,8:19,2014-12-14 22:00:00.000
1,28,7,8:25,2014-12-14 22:00:00.000
1,28,6,8:33,2014-12-14 22:00:00.000
1,28,5,8:39,2014-12-14 22:00:00.000
1,28,4,8:48,2014-12-14 22:00:00.000
1,28,3,8:54,2014-12-14 22:00:00.000
1,28,2,9:05,2014-12-14 22:00:00.000
1,28,1,9:20,2014-12-14 22:00:00.000
1,29,17,8:20,2014-12-14 22:00:00.000
1,29,16,8:27,2014-12-14 22:00:00.000
1,29,15,8:33,2014-12-14 22:00:00.000
1,29,14,8:39,2014-12-14 22:00:00.000
1,29,13,8:49,2014-12-14 22:00:00.000
1,29,12,8:53,2014-12-14 22:00:00.000
1,29,11,8:57,2014-12-14 22:00:00.000
1,29,10,9:05,2014-12-14 22:00:00.000
1,29,9,9:12,2014-12-14 22:00:00.000
1,29,8,9:19,2014-12-14 22:00:00.000
1,29,7,9:25,2014-12-14 22:00:00.000
1,29,6,9:33,2014-12-14 22:00:00.000
1,29,5,9:39,2014-12-14 22:00:00.000
1,29,4,9:48,2014-12-14 22:00:00.000
1,29,3,9:54,2014-12-14 22:00:00.000
1,29,2,10:05,2014-12-14 22:00:00.000
1,29,1,10:25,2014-12-14 22:00:00.000
1,30,17,9:20,2014-12-14 22:00:00.000
1,30,16,9:27,2014-12-14 22:00:00.000
1,30,15,9:33,2014-12-14 22:00:00.000
1,30,14,9:39,2014-12-14 22:00:00.000
1,30,13,9:49,2014-12-14 22:00:00.000
1,30,12,9:53,2014-12-14 22:00:00.000
1,30,11,9:57,2014-12-14 22:00:00.000
1,30,10,10:05,2014-12-14 22:00:00.000
1,30,9,10:12,2014-12-14 22:00:00.000
1,30,8,10:19,2014-12-14 22:00:00.000
1,30,7,10:25,2014-12-14 22:00:00.000
1,30,6,10:33,2014-12-14 22:00:00.000
1,30,5,10:39,2014-12-14 22:00:00.000
1,30,4,10:48,2014-12-14 22:00:00.000
1,30,3,10:54,2014-12-14 22:00:00.000
1,30,2,11:05,2014-12-14 22:00:00.000
1,30,1,11:20,2014-12-14 22:00:00.000
1,31,17,10:20,2014-12-14 22:00:00.000
1,31,16,10:27,2014-12-14 22:00:00.000
1,31,15,10:33,2014-12-14 22:00:00.000
1,31,14,10:39,2014-12-14 22:00:00.000
1,31,13,10:49,2014-12-14 22:00:00.000
1,31,12,10:53,2014-12-14 22:00:00.000
1,31,11,10:57,2014-12-14 22:00:00.000
1,31,10,11:05,2014-12-14 22:00:00.000
1,31,9,11:12,2014-12-14 22:00:00.000
1,31,8,11:19,2014-12-14 22:00:00.000
1,31,7,11:25,2014-12-14 22:00:00.000
1,31,6,11:33,2014-12-14 22:00:00.000
1,31,5,11:39,2014-12-14 22:00:00.000
1,31,4,11:48,2014-12-14 22:00:00.000
1,31,3,11:54,2014-12-14 22:00:00.000
1,31,2,12:05,2014-12-14 22:00:00.000
1,31,1,12:20,2014-12-14 22:00:00.000
1,32,17,11:20,2014-12-14 22:00:00.000
1,32,16,11:27,2014-12-14 22:00:00.000
1,32,15,11:33,2014-12-14 22:00:00.000
1,32,14,11:39,2014-12-14 22:00:00.000
1,32,13,11:49,2014-12-14 22:00:00.000
1,32,12,11:53,2014-12-14 22:00:00.000
1,32,11,11:57,2014-12-14 22:00:00.000
1,32,10,12:05,2014-12-14 22:00:00.000
1,32,9,12:12,2014-12-14 22:00:00.000
1,32,8,12:19,2014-12-14 22:00:00.000
1,32,7,12:25,2014-12-14 22:00:00.000
1,32,6,12:33,2014-12-14 22:00:00.000
1,32,5,12:39,2014-12-14 22:00:00.000
1,32,4,12:48,2014-12-14 22:00:00.000
1,32,3,12:54,2014-12-14 22:00:00.000
1,32,2,13:05,2014-12-14 22:00:00.000
1,32,1,13:20,2014-12-14 22:00:00.000
1,33,17,12:20,2014-12-14 22:00:00.000
1,33,16,12:27,2014-12-14 22:00:00.000
1,33,15,12:33,2014-12-14 22:00:00.000
1,33,14,12:39,2014-12-14 22:00:00.000
1,33,13,12:49,2014-12-14 22:00:00.000
1,33,12,12:53,2014-12-14 22:00:00.000
1,33,11,12:57,2014-12-14 22:00:00.000
1,33,10,13:05,2014-12-14 22:00:00.000
1,33,9,13:12,2014-12-14 22:00:00.000
1,33,8,13:19,2014-12-14 22:00:00.000
1,33,7,13:25,2014-12-14 22:00:00.000
1,33,6,13:33,2014-12-14 22:00:00.000
1,33,5,13:39,2014-12-14 22:00:00.000
1,33,4,13:48,2014-12-14 22:00:00.000
1,33,3,13:54,2014-12-14 22:00:00.000
1,33,2,14:05,2014-12-14 22:00:00.000
1,33,1,14:20,2014-12-14 22:00:00.000
1,34,17,13:20,2014-12-14 22:00:00.000
1,34,16,13:27,2014-12-14 22:00:00.000
1,34,15,13:33,2014-12-14 22:00:00.000
1,34,14,13:39,2014-12-14 22:00:00.000
1,34,13,13:49,2014-12-14 22:00:00.000
1,34,12,13:53,2014-12-14 22:00:00.000
1,34,11,13:57,2014-12-14 22:00:00.000
1,34,10,14:05,2014-12-14 22:00:00.000
1,34,9,14:12,2014-12-14 22:00:00.000
1,34,8,14:19,2014-12-14 22:00:00.000
1,34,7,14:25,2014-12-14 22:00:00.000
1,34,6,14:33,2014-12-14 22:00:00.000
1,34,5,14:39,2014-12-14 22:00:00.000
1,34,4,14:48,2014-12-14 22:00:00.000
1,34,3,14:54,2014-12-14 22:00:00.000
1,34,2,15:05,2014-12-14 22:00:00.000
1,34,1,15:20,2014-12-14 22:00:00.000
1,35,17,14:20,2014-12-14 22:00:00.000
1,35,16,14:27,2014-12-14 22:00:00.000
1,35,15,14:33,2014-12-14 22:00:00.000
1,35,14,14:39,2014-12-14 22:00:00.000
1,35,13,14:49,2014-12-14 22:00:00.000
1,35,12,14:53,2014-12-14 22:00:00.000
1,35,11,14:57,2014-12-14 22:00:00.000
1,35,10,15:05,2014-12-14 22:00:00.000
1,35,9,15:12,2014-12-14 22:00:00.000
1,35,8,15:19,2014-12-14 22:00:00.000
1,35,7,15:25,2014-12-14 22:00:00.000
1,35,6,15:33,2014-12-14 22:00:00.000
1,35,5,15:39,2014-12-14 22:00:00.000
1,35,4,15:48,2014-12-14 22:00:00.000
1,35,3,15:54,2014-12-14 22:00:00.000
1,35,2,16:05,2014-12-14 22:00:00.000
1,35,1,16:20,2014-12-14 22:00:00.000
1,36,17,15:20,2014-12-14 22:00:00.000
1,36,16,15:27,2014-12-14 22:00:00.000
1,36,15,15:33,2014-12-14 22:00:00.000
1,36,14,15:39,2014-12-14 22:00:00.000
1,36,13,15:49,2014-12-14 22:00:00.000
1,36,12,15:53,2014-12-14 22:00:00.000
1,36,11,15:57,2014-12-14 22:00:00.000
1,36,10,16:05,2014-12-14 22:00:00.000
1,36,9,16:12,2014-12-14 22:00:00.000
1,36,8,16:19,2014-12-14 22:00:00.000
1,36,7,16:25,2014-12-14 22:00:00.000
1,36,6,16:33,2014-12-14 22:00:00.000
1,36,5,16:39,2014-12-14 22:00:00.000
1,36,4,16:48,2014-12-14 22:00:00.000
1,36,3,16:54,2014-12-14 22:00:00.000
1,36,2,17:05,2014-12-14 22:00:00.000
1,36,1,17:20,2014-12-14 22:00:00.000
1,37,17,16:20,2014-12-14 22:00:00.000
1,37,16,16:27,2014-12-14 22:00:00.000
1,37,15,16:33,2014-12-14 22:00:00.000
1,37,14,16:39,2014-12-14 22:00:00.000
1,37,13,16:49,2014-12-14 22:00:00.000
1,37,12,16:53,2014-12-14 22:00:00.000
1,37,11,16:57,2014-12-14 22:00:00.000
1,37,10,17:05,2014-12-14 22:00:00.000
1,37,9,17:12,2014-12-14 22:00:00.000
1,37,8,17:19,2014-12-14 22:00:00.000
1,37,7,17:25,2014-12-14 22:00:00.000
1,37,6,17:33,2014-12-14 22:00:00.000
1,37,5,17:39,2014-12-14 22:00:00.000
1,37,4,17:48,2014-12-14 22:00:00.000
1,37,3,17:54,2014-12-14 22:00:00.000
1,37,2,18:05,2014-12-14 22:00:00.000
1,37,1,18:20,2014-12-14 22:00:00.000
1,38,17,17:20,2014-12-14 22:00:00.000
1,38,16,17:27,2014-12-14 22:00:00.000
1,38,15,17:33,2014-12-14 22:00:00.000
1,38,14,17:39,2014-12-14 22:00:00.000
1,38,13,17:49,2014-12-14 22:00:00.000
1,38,12,17:53,2014-12-14 22:00:00.000
1,38,11,17:57,2014-12-14 22:00:00.000
1,38,10,18:05,2014-12-14 22:00:00.000
1,38,9,18:12,2014-12-14 22:00:00.000
1,38,8,18:19,2014-12-14 22:00:00.000
1,38,7,18:25,2014-12-14 22:00:00.000
1,38,6,18:33,2014-12-14 22:00:00.000
1,38,5,18:39,2014-12-14 22:00:00.000
1,38,4,18:48,2014-12-14 22:00:00.000
1,38,3,18:54,2014-12-14 22:00:00.000
1,38,2,19:05,2014-12-14 22:00:00.000
1,38,1,19:20,2014-12-14 22:00:00.000
1,39,17,18:20,2014-12-14 22:00:00.000
1,39,16,18:27,2014-12-14 22:00:00.000
1,39,15,18:33,2014-12-14 22:00:00.000
1,39,14,18:39,2014-12-14 22:00:00.000
1,39,13,18:49,2014-12-14 22:00:00.000
1,39,12,18:53,2014-12-14 22:00:00.000
1,39,11,18:57,2014-12-14 22:00:00.000
1,39,10,19:05,2014-12-14 22:00:00.000
1,39,9,19:12,2014-12-14 22:00:00.000
1,39,8,19:19,2014-12-14 22:00:00.000
1,39,7,19:25,2014-12-14 22:00:00.000
1,39,6,19:33,2014-12-14 22:00:00.000
1,39,5,19:39,2014-12-14 22:00:00.000
1,39,4,19:48,2014-12-14 22:00:00.000
1,39,3,19:54,2014-12-14 22:00:00.000
1,39,2,20:05,2014-12-14 22:00:00.000
1,39,1,20:20,2014-12-14 22:00:00.000
1,40,17,21:45,2014-12-14 22:00:00.000
1,40,16,21:52,2014-12-14 22:00:00.000
1,40,15,21:58,2014-12-14 22:00:00.000
1,40,14,22:04,2014-12-14 22:00:00.000
1,40,13,22:14,2014-12-14 22:00:00.000
1,40,12,22:18,2014-12-14 22:00:00.000
1,40,11,22:22,2014-12-14 22:00:00.000
1,40,10,22:30,2014-12-14 22:00:00.000
1,40,9,22:37,2014-12-14 22:00:00.000
1,40,8,22:44,2014-12-14 22:00:00.000
1,40,7,22:50,2014-12-14 22:00:00.000
1,40,6,22:58,2014-12-14 22:00:00.000
1,40,5,23:04,2014-12-14 22:00:00.000
1,40,4,23:13,2014-12-14 22:00:00.000
1,40,3,23:19,2014-12-14 22:00:00.000
1,40,2,23:30,2014-12-14 22:00:00.000
1,40,1,23:45,2014-12-14 22:00:00.000
1,41,1,4:00,2014-12-14 22:00:00.000
1,41,2,4:06,2014-12-14 22:00:00.000
1,41,3,4:15,2014-12-14 22:00:00.000
1,41,4,4:20,2014-12-14 22:00:00.000
1,41,5,4:29,2014-12-14 22:00:00.000
1,41,6,4:35,2014-12-14 22:00:00.000
1,41,7,4:42,2014-12-14 22:00:00.000
1,41,8,4:48,2014-12-14 22:00:00.000
1,41,9,4:54,2014-12-14 22:00:00.000
1,41,10,5:01,2014-12-14 22:00:00.000
1,41,11,5:08,2014-12-14 22:00:00.000
1,41,12,5:12,2014-12-14 22:00:00.000
1,41,13,5:16,2014-12-14 22:00:00.000
1,41,14,5:25,2014-12-14 22:00:00.000
1,41,15,5:31,2014-12-14 22:00:00.000
1,41,16,5:38,2014-12-14 22:00:00.000
1,41,17,5:44,2014-12-14 22:00:00.000
1,42,1,4:40,2014-12-14 22:00:00.000
1,42,2,4:46,2014-12-14 22:00:00.000
1,42,3,4:56,2014-12-14 22:00:00.000
1,42,4,5:02,2014-12-14 22:00:00.000
1,42,5,5:11,2014-12-14 22:00:00.000
1,42,6,5:17,2014-12-14 22:00:00.000
1,42,7,5:24,2014-12-14 22:00:00.000
1,42,8,5:30,2014-12-14 22:00:00.000
1,42,9,5:37,2014-12-14 22:00:00.000
1,42,10,5:45,2014-12-14 22:00:00.000
1,42,11,5:53,2014-12-14 22:00:00.000
1,42,12,5:57,2014-12-14 22:00:00.000
1,42,13,6:01,2014-12-14 22:00:00.000
1,42,14,6:10,2014-12-14 22:00:00.000
1,42,15,6:16,2014-12-14 22:00:00.000
1,42,16,6:23,2014-12-14 22:00:00.000
1,42,17,6:29,2014-12-14 22:00:00.000
1,43,1,5:20,2014-12-14 22:00:00.000
1,43,2,5:26,2014-12-14 22:00:00.000
1,43,3,5:36,2014-12-14 22:00:00.000
1,43,4,5:42,2014-12-14 22:00:00.000
1,43,5,5:51,2014-12-14 22:00:00.000
1,43,6,5:57,2014-12-14 22:00:00.000
1,43,7,6:04,2014-12-14 22:00:00.000
1,43,8,6:10,2014-12-14 22:00:00.000
1,43,9,6:17,2014-12-14 22:00:00.000
1,43,10,6:25,2014-12-14 22:00:00.000
1,43,11,6:33,2014-12-14 22:00:00.000
1,43,12,6:37,2014-12-14 22:00:00.000
1,43,13,6:41,2014-12-14 22:00:00.000
1,43,14,6:50,2014-12-14 22:00:00.000
1,43,15,6:56,2014-12-14 22:00:00.000
1,43,16,7:03,2014-12-14 22:00:00.000
1,43,17,7:09,2014-12-14 22:00:00.000
1,44,1,6:00,2014-12-14 22:00:00.000
1,44,2,6:06,2014-12-14 22:00:00.000
1,44,3,6:16,2014-12-14 22:00:00.000
1,44,4,6:22,2014-12-14 22:00:00.000
1,44,5,6:31,2014-12-14 22:00:00.000
1,44,6,6:37,2014-12-14 22:00:00.000
1,44,7,6:44,2014-12-14 22:00:00.000
1,44,8,6:50,2014-12-14 22:00:00.000
1,44,9,6:57,2014-12-14 22:00:00.000
1,44,10,7:05,2014-12-14 22:00:00.000
1,44,11,7:13,2014-12-14 22:00:00.000
1,44,12,7:17,2014-12-14 22:00:00.000
1,44,13,7:21,2014-12-14 22:00:00.000
1,44,14,7:30,2014-12-14 22:00:00.000
1,44,15,7:36,2014-12-14 22:00:00.000
1,44,16,7:43,2014-12-14 22:00:00.000
1,44,17,7:49,2014-12-14 22:00:00.000
1,45,1,6:20,2014-12-14 22:00:00.000
1,45,2,6:26,2014-12-14 22:00:00.000
1,45,3,6:36,2014-12-14 22:00:00.000
1,45,4,6:42,2014-12-14 22:00:00.000
1,45,5,6:51,2014-12-14 22:00:00.000
1,45,6,6:57,2014-12-14 22:00:00.000
1,45,7,7:04,2014-12-14 22:00:00.000
1,45,8,7:10,2014-12-14 22:00:00.000
1,45,9,7:17,2014-12-14 22:00:00.000
1,45,10,7:25,2014-12-14 22:00:00.000
1,45,11,7:33,2014-12-14 22:00:00.000
1,45,12,7:37,2014-12-14 22:00:00.000
1,45,13,7:41,2014-12-14 22:00:00.000
1,45,14,7:50,2014-12-14 22:00:00.000
1,45,15,7:56,2014-12-14 22:00:00.000
1,45,16,8:03,2014-12-14 22:00:00.000
1,45,17,8:09,2014-12-14 22:00:00.000
1,46,1,6:40,2014-12-14 22:00:00.000
1,46,2,6:46,2014-12-14 22:00:00.000
1,46,3,6:56,2014-12-14 22:00:00.000
1,46,4,7:02,2014-12-14 22:00:00.000
1,46,5,7:11,2014-12-14 22:00:00.000
1,46,6,7:17,2014-12-14 22:00:00.000
1,46,7,7:24,2014-12-14 22:00:00.000
1,46,8,7:30,2014-12-14 22:00:00.000
1,46,9,7:37,2014-12-14 22:00:00.000
1,46,10,7:45,2014-12-14 22:00:00.000
1,46,11,7:53,2014-12-14 22:00:00.000
1,46,12,7:57,2014-12-14 22:00:00.000
1,46,13,8:01,2014-12-14 22:00:00.000
1,46,14,8:10,2014-12-14 22:00:00.000
1,46,15,8:16,2014-12-14 22:00:00.000
1,46,16,8:23,2014-12-14 22:00:00.000
1,46,17,8:29,2014-12-14 22:00:00.000
1,47,1,7:00,2014-12-14 22:00:00.000
1,47,2,7:06,2014-12-14 22:00:00.000
1,47,3,7:16,2014-12-14 22:00:00.000
1,47,4,7:22,2014-12-14 22:00:00.000
1,47,5,7:31,2014-12-14 22:00:00.000
1,47,6,7:37,2014-12-14 22:00:00.000
1,47,7,7:44,2014-12-14 22:00:00.000
1,47,8,7:50,2014-12-14 22:00:00.000
1,47,9,7:57,2014-12-14 22:00:00.000
1,47,10,8:05,2014-12-14 22:00:00.000
1,47,11,8:13,2014-12-14 22:00:00.000
1,47,12,8:17,2014-12-14 22:00:00.000
1,47,13,8:21,2014-12-14 22:00:00.000
1,47,14,8:30,2014-12-14 22:00:00.000
1,47,15,8:36,2014-12-14 22:00:00.000
1,47,16,8:43,2014-12-14 22:00:00.000
1,47,17,8:49,2014-12-14 22:00:00.000
1,48,1,7:30,2014-12-14 22:00:00.000
1,48,2,7:36,2014-12-14 22:00:00.000
1,48,3,7:46,2014-12-14 22:00:00.000
1,48,4,7:52,2014-12-14 22:00:00.000
1,48,5,8:01,2014-12-14 22:00:00.000
1,48,6,8:07,2014-12-14 22:00:00.000
1,48,7,8:14,2014-12-14 22:00:00.000
1,48,8,8:20,2014-12-14 22:00:00.000
1,48,9,8:27,2014-12-14 22:00:00.000
1,48,10,8:35,2014-12-14 22:00:00.000
1,48,11,8:43,2014-12-14 22:00:00.000
1,48,12,8:47,2014-12-14 22:00:00.000
1,48,13,8:51,2014-12-14 22:00:00.000
1,48,14,9:00,2014-12-14 22:00:00.000
1,48,15,9:06,2014-12-14 22:00:00.000
1,48,16,9:13,2014-12-14 22:00:00.000
1,48,17,9:19,2014-12-14 22:00:00.000
1,49,1,8:00,2014-12-14 22:00:00.000
1,49,2,8:06,2014-12-14 22:00:00.000
1,49,3,8:16,2014-12-14 22:00:00.000
1,49,4,8:22,2014-12-14 22:00:00.000
1,49,5,8:31,2014-12-14 22:00:00.000
1,49,6,8:37,2014-12-14 22:00:00.000
1,49,7,8:44,2014-12-14 22:00:00.000
1,49,8,8:50,2014-12-14 22:00:00.000
1,49,9,8:57,2014-12-14 22:00:00.000
1,49,10,9:05,2014-12-14 22:00:00.000
1,49,11,9:13,2014-12-14 22:00:00.000
1,49,12,9:17,2014-12-14 22:00:00.000
1,49,13,9:21,2014-12-14 22:00:00.000
1,49,14,9:30,2014-12-14 22:00:00.000
1,49,15,9:36,2014-12-14 22:00:00.000
1,49,16,9:43,2014-12-14 22:00:00.000
1,49,17,9:49,2014-12-14 22:00:00.000
1,50,1,9:00,2014-12-14 22:00:00.000
1,50,2,9:06,2014-12-14 22:00:00.000
1,50,3,9:16,2014-12-14 22:00:00.000
1,50,4,9:22,2014-12-14 22:00:00.000
1,50,5,9:31,2014-12-14 22:00:00.000
1,50,6,9:37,2014-12-14 22:00:00.000
1,50,7,9:44,2014-12-14 22:00:00.000
1,50,8,9:50,2014-12-14 22:00:00.000
1,50,9,9:58,2014-12-14 22:00:00.000
1,50,10,10:08,2014-12-14 22:00:00.000
1,50,11,10:17,2014-12-14 22:00:00.000
1,50,12,10:21,2014-12-14 22:00:00.000
1,50,13,10:26,2014-12-14 22:00:00.000
1,50,14,10:35,2014-12-14 22:00:00.000
1,50,15,10:41,2014-12-14 22:00:00.000
1,50,16,10:48,2014-12-14 22:00:00.000
1,50,17,10:54,2014-12-14 22:00:00.000
1,51,1,10:00,2014-12-14 22:00:00.000
1,51,2,10:06,2014-12-14 22:00:00.000
1,51,3,10:16,2014-12-14 22:00:00.000
1,51,4,10:22,2014-12-14 22:00:00.000
1,51,5,10:31,2014-12-14 22:00:00.000
1,51,6,10:37,2014-12-14 22:00:00.000
1,51,7,10:44,2014-12-14 22:00:00.000
1,51,8,10:50,2014-12-14 22:00:00.000
1,51,9,10:58,2014-12-14 22:00:00.000
1,51,10,11:08,2014-12-14 22:00:00.000
1,51,11,11:17,2014-12-14 22:00:00.000
1,51,12,11:21,2014-12-14 22:00:00.000
1,51,13,11:26,2014-12-14 22:00:00.000
1,51,14,11:35,2014-12-14 22:00:00.000
1,51,15,11:41,2014-12-14 22:00:00.000
1,51,16,11:48,2014-12-14 22:00:00.000
1,51,17,11:54,2014-12-14 22:00:00.000
1,52,1,11:00,2014-12-14 22:00:00.000
1,52,2,11:06,2014-12-14 22:00:00.000
1,52,3,11:16,2014-12-14 22:00:00.000
1,52,4,11:22,2014-12-14 22:00:00.000
1,52,5,11:31,2014-12-14 22:00:00.000
1,52,6,11:37,2014-12-14 22:00:00.000
1,52,7,11:44,2014-12-14 22:00:00.000
1,52,8,11:50,2014-12-14 22:00:00.000
1,52,9,11:58,2014-12-14 22:00:00.000
1,52,10,12:08,2014-12-14 22:00:00.000
1,52,11,12:17,2014-12-14 22:00:00.000
1,52,12,12:21,2014-12-14 22:00:00.000
1,52,13,12:26,2014-12-14 22:00:00.000
1,52,14,12:35,2014-12-14 22:00:00.000
1,52,15,12:41,2014-12-14 22:00:00.000
1,52,16,12:48,2014-12-14 22:00:00.000
1,52,17,12:54,2014-12-14 22:00:00.000
1,53,1,12:00,2014-12-14 22:00:00.000
1,53,2,12:06,2014-12-14 22:00:00.000
1,53,3,12:16,2014-12-14 22:00:00.000
1,53,4,12:22,2014-12-14 22:00:00.000
1,53,5,12:31,2014-12-14 22:00:00.000
1,53,6,12:37,2014-12-14 22:00:00.000
1,53,7,12:44,2014-12-14 22:00:00.000
1,53,8,12:50,2014-12-14 22:00:00.000
1,53,9,12:58,2014-12-14 22:00:00.000
1,53,10,13:08,2014-12-14 22:00:00.000
1,53,11,13:17,2014-12-14 22:00:00.000
1,53,12,13:21,2014-12-14 22:00:00.000
1,53,13,13:26,2014-12-14 22:00:00.000
1,53,14,13:35,2014-12-14 22:00:00.000
1,53,15,13:41,2014-12-14 22:00:00.000
1,53,16,13:48,2014-12-14 22:00:00.000
1,53,17,13:54,2014-12-14 22:00:00.000
1,54,1,13:00,2014-12-14 22:00:00.000
1,54,2,13:06,2014-12-14 22:00:00.000
1,54,3,13:16,2014-12-14 22:00:00.000
1,54,4,13:22,2014-12-14 22:00:00.000
1,54,5,13:31,2014-12-14 22:00:00.000
1,54,6,13:37,2014-12-14 22:00:00.000
1,54,7,13:44,2014-12-14 22:00:00.000
1,54,8,13:50,2014-12-14 22:00:00.000
1,54,9,13:58,2014-12-14 22:00:00.000
1,54,10,14:08,2014-12-14 22:00:00.000
1,54,11,14:17,2014-12-14 22:00:00.000
1,54,12,14:21,2014-12-14 22:00:00.000
1,54,13,14:26,2014-12-14 22:00:00.000
1,54,14,14:35,2014-12-14 22:00:00.000
1,54,15,14:41,2014-12-14 22:00:00.000
1,54,16,14:48,2014-12-14 22:00:00.000
1,54,17,14:54,2014-12-14 22:00:00.000
1,55,1,14:00,2014-12-14 22:00:00.000
1,55,2,14:06,2014-12-14 22:00:00.000
1,55,3,14:16,2014-12-14 22:00:00.000
1,55,4,14:22,2014-12-14 22:00:00.000
1,55,5,14:31,2014-12-14 22:00:00.000
1,55,6,14:37,2014-12-14 22:00:00.000
1,55,7,14:44,2014-12-14 22:00:00.000
1,55,8,14:50,2014-12-14 22:00:00.000
1,55,9,14:58,2014-12-14 22:00:00.000
1,55,10,15:08,2014-12-14 22:00:00.000
1,55,11,15:17,2014-12-14 22:00:00.000
1,55,12,15:21,2014-12-14 22:00:00.000
1,55,13,15:26,2014-12-14 22:00:00.000
1,55,14,15:35,2014-12-14 22:00:00.000
1,55,15,15:41,2014-12-14 22:00:00.000
1,55,16,15:48,2014-12-14 22:00:00.000
1,55,17,15:56,2014-12-14 22:00:00.000
1,56,1,15:00,2014-12-14 22:00:00.000
1,56,2,15:06,2014-12-14 22:00:00.000
1,56,3,15:16,2014-12-14 22:00:00.000
1,56,4,15:22,2014-12-14 22:00:00.000
1,56,5,15:31,2014-12-14 22:00:00.000
1,56,6,15:37,2014-12-14 22:00:00.000
1,56,7,15:44,2014-12-14 22:00:00.000
1,56,8,15:50,2014-12-14 22:00:00.000
1,56,9,15:58,2014-12-14 22:00:00.000
1,56,10,16:08,2014-12-14 22:00:00.000
1,56,11,16:17,2014-12-14 22:00:00.000
1,56,12,16:21,2014-12-14 22:00:00.000
1,56,13,16:26,2014-12-14 22:00:00.000
1,56,14,16:35,2014-12-14 22:00:00.000
1,56,15,16:41,2014-12-14 22:00:00.000
1,56,16,16:48,2014-12-14 22:00:00.000
1,56,17,17:12,2014-12-14 22:00:00.000
1,57,1,15:30,2014-12-14 22:00:00.000
1,57,2,15:36,2014-12-14 22:00:00.000
1,57,3,15:46,2014-12-14 22:00:00.000
1,57,4,15:52,2014-12-14 22:00:00.000
1,57,5,16:01,2014-12-14 22:00:00.000
1,57,6,16:07,2014-12-14 22:00:00.000
1,57,7,16:14,2014-12-14 22:00:00.000
1,57,8,16:20,2014-12-14 22:00:00.000
1,57,9,16:28,2014-12-14 22:00:00.000
1,57,10,16:38,2014-12-14 22:00:00.000
1,57,11,16:47,2014-12-14 22:00:00.000
1,57,12,16:51,2014-12-14 22:00:00.000
1,57,13,16:56,2014-12-14 22:00:00.000
1,57,14,17:05,2014-12-14 22:00:00.000
1,57,15,17:11,2014-12-14 22:00:00.000
1,57,16,17:18,2014-12-14 22:00:00.000
1,57,17,17:26,2014-12-14 22:00:00.000
1,58,1,16:00,2014-12-14 22:00:00.000
1,58,2,16:06,2014-12-14 22:00:00.000
1,58,3,16:16,2014-12-14 22:00:00.000
1,58,4,16:22,2014-12-14 22:00:00.000
1,58,5,16:31,2014-12-14 22:00:00.000
1,58,6,16:37,2014-12-14 22:00:00.000
1,58,7,16:44,2014-12-14 22:00:00.000
1,58,8,16:50,2014-12-14 22:00:00.000
1,58,9,16:58,2014-12-14 22:00:00.000
1,58,10,17:08,2014-12-14 22:00:00.000
1,58,11,17:17,2014-12-14 22:00:00.000
1,58,12,17:21,2014-12-14 22:00:00.000
1,58,13,17:26,2014-12-14 22:00:00.000
1,58,14,17:35,2014-12-14 22:00:00.000
1,58,15,17:41,2014-12-14 22:00:00.000
1,58,16,17:48,2014-12-14 22:00:00.000
1,58,17,18:12,2014-12-14 22:00:00.000
1,59,1,16:25,2014-12-14 22:00:00.000
1,59,2,16:31,2014-12-14 22:00:00.000
1,59,3,16:41,2014-12-14 22:00:00.000
1,59,4,16:47,2014-12-14 22:00:00.000
1,59,5,16:56,2014-12-14 22:00:00.000
1,59,6,17:02,2014-12-14 22:00:00.000
1,59,7,17:09,2014-12-14 22:00:00.000
1,59,8,17:15,2014-12-14 22:00:00.000
1,59,9,17:23,2014-12-14 22:00:00.000
1,59,10,17:33,2014-12-14 22:00:00.000
1,59,11,17:42,2014-12-14 22:00:00.000
1,59,12,17:46,2014-12-14 22:00:00.000
1,59,13,17:51,2014-12-14 22:00:00.000
1,59,14,18:00,2014-12-14 22:00:00.000
1,59,15,18:06,2014-12-14 22:00:00.000
1,59,16,18:13,2014-12-14 22:00:00.000
1,59,17,18:21,2014-12-14 22:00:00.000
1,60,1,17:00,2014-12-14 22:00:00.000
1,60,2,17:06,2014-12-14 22:00:00.000
1,60,3,17:16,2014-12-14 22:00:00.000
1,60,4,17:22,2014-12-14 22:00:00.000
1,60,5,17:31,2014-12-14 22:00:00.000
1,60,6,17:37,2014-12-14 22:00:00.000
1,60,7,17:44,2014-12-14 22:00:00.000
1,60,8,17:50,2014-12-14 22:00:00.000
1,60,9,17:58,2014-12-14 22:00:00.000
1,60,10,18:08,2014-12-14 22:00:00.000
1,60,11,18:17,2014-12-14 22:00:00.000
1,60,12,18:21,2014-12-14 22:00:00.000
1,60,13,18:26,2014-12-14 22:00:00.000
1,60,14,18:35,2014-12-14 22:00:00.000
1,60,15,18:41,2014-12-14 22:00:00.000
1,60,16,18:48,2014-12-14 22:00:00.000
1,60,17,18:56,2014-12-14 22:00:00.000
1,61,1,17:30,2014-12-14 22:00:00.000
1,61,2,17:36,2014-12-14 22:00:00.000
1,61,3,17:46,2014-12-14 22:00:00.000
1,61,4,17:52,2014-12-14 22:00:00.000
1,61,5,18:01,2014-12-14 22:00:00.000
1,61,6,18:07,2014-12-14 22:00:00.000
1,61,7,18:14,2014-12-14 22:00:00.000
1,61,8,18:20,2014-12-14 22:00:00.000
1,61,9,18:27,2014-12-14 22:00:00.000
1,61,10,18:35,2014-12-14 22:00:00.000
1,61,11,18:43,2014-12-14 22:00:00.000
1,61,12,18:47,2014-12-14 22:00:00.000
1,61,13,18:51,2014-12-14 22:00:00.000
1,61,14,19:00,2014-12-14 22:00:00.000
1,61,15,19:06,2014-12-14 22:00:00.000
1,61,16,19:13,2014-12-14 22:00:00.000
1,61,17,19:19,2014-12-14 22:00:00.000
1,62,1,18:15,2014-12-14 22:00:00.000
1,62,2,18:21,2014-12-14 22:00:00.000
1,62,3,18:31,2014-12-14 22:00:00.000
1,62,4,18:37,2014-12-14 22:00:00.000
1,62,5,18:46,2014-12-14 22:00:00.000
1,62,6,18:52,2014-12-14 22:00:00.000
1,62,7,18:59,2014-12-14 22:00:00.000
1,62,8,19:05,2014-12-14 22:00:00.000
1,62,9,19:12,2014-12-14 22:00:00.000
1,62,10,19:20,2014-12-14 22:00:00.000
1,62,11,19:28,2014-12-14 22:00:00.000
1,62,12,19:32,2014-12-14 22:00:00.000
1,62,13,19:36,2014-12-14 22:00:00.000
1,62,14,19:45,2014-12-14 22:00:00.000
1,62,15,19:51,2014-12-14 22:00:00.000
1,62,16,19:58,2014-12-14 22:00:00.000
1,62,17,20:04,2014-12-14 22:00:00.000
1,63,1,18:45,2014-12-14 22:00:00.000
1,63,2,18:51,2014-12-14 22:00:00.000
1,63,3,19:01,2014-12-14 22:00:00.000
1,63,4,19:07,2014-12-14 22:00:00.000
1,63,5,19:16,2014-12-14 22:00:00.000
1,63,6,19:22,2014-12-14 22:00:00.000
1,63,7,19:29,2014-12-14 22:00:00.000
1,63,8,19:35,2014-12-14 22:00:00.000
1,63,9,19:42,2014-12-14 22:00:00.000
1,63,10,19:50,2014-12-14 22:00:00.000
1,63,11,19:58,2014-12-14 22:00:00.000
1,63,12,20:02,2014-12-14 22:00:00.000
1,63,13,20:06,2014-12-14 22:00:00.000
1,63,14,20:15,2014-12-14 22:00:00.000
1,63,15,20:21,2014-12-14 22:00:00.000
1,63,16,20:28,2014-12-14 22:00:00.000
1,63,17,20:34,2014-12-14 22:00:00.000
1,64,1,19:40,2014-12-14 22:00:00.000
1,64,2,19:46,2014-12-14 22:00:00.000
1,64,3,19:56,2014-12-14 22:00:00.000
1,64,4,20:02,2014-12-14 22:00:00.000
1,64,5,20:11,2014-12-14 22:00:00.000
1,64,6,20:17,2014-12-14 22:00:00.000
1,64,7,20:24,2014-12-14 22:00:00.000
1,64,8,20:30,2014-12-14 22:00:00.000
1,64,9,20:37,2014-12-14 22:00:00.000
1,64,10,20:45,2014-12-14 22:00:00.000
1,64,11,20:53,2014-12-14 22:00:00.000
1,64,12,20:57,2014-12-14 22:00:00.000
1,64,13,21:01,2014-12-14 22:00:00.000
1,64,14,21:10,2014-12-14 22:00:00.000
1,64,15,21:16,2014-12-14 22:00:00.000
1,64,16,21:23,2014-12-14 22:00:00.000
1,64,17,21:29,2014-12-14 22:00:00.000
1,65,1,20:40,2014-12-14 22:00:00.000
1,65,2,20:46,2014-12-14 22:00:00.000
1,65,3,20:56,2014-12-14 22:00:00.000
1,65,4,21:02,2014-12-14 22:00:00.000
1,65,5,21:11,2014-12-14 22:00:00.000
1,65,6,21:17,2014-12-14 22:00:00.000
1,65,7,21:24,2014-12-14 22:00:00.000
1,65,8,21:30,2014-12-14 22:00:00.000
1,65,9,21:37,2014-12-14 22:00:00.000
1,65,10,21:45,2014-12-14 22:00:00.000
1,65,11,21:53,2014-12-14 22:00:00.000
1,65,12,21:57,2014-12-14 22:00:00.000
1,65,13,22:01,2014-12-14 22:00:00.000
1,65,14,22:10,2014-12-14 22:00:00.000
1,65,15,22:16,2014-12-14 22:00:00.000
1,65,16,22:23,2014-12-14 22:00:00.000
1,65,17,22:29,2014-12-14 22:00:00.000
1,66,1,5:50,2014-12-14 22:00:00.000
1,66,2,5:58,2014-12-14 22:00:00.000
1,66,3,6:08,2014-12-14 22:00:00.000
1,66,4,6:14,2014-12-14 22:00:00.000
1,66,5,6:23,2014-12-14 22:00:00.000
1,66,6,6:29,2014-12-14 22:00:00.000
1,66,7,6:36,2014-12-14 22:00:00.000
1,66,8,6:41,2014-12-14 22:00:00.000
1,66,9,6:48,2014-12-14 22:00:00.000
1,66,10,6:56,2014-12-14 22:00:00.000
1,66,11,7:03,2014-12-14 22:00:00.000
1,66,12,7:07,2014-12-14 22:00:00.000
1,66,13,7:11,2014-12-14 22:00:00.000
1,66,14,7:20,2014-12-14 22:00:00.000
1,66,15,7:25,2014-12-14 22:00:00.000
1,66,16,7:32,2014-12-14 22:00:00.000
1,66,17,7:50,2014-12-14 22:00:00.000
1,67,1,6:50,2014-12-14 22:00:00.000
1,67,2,6:58,2014-12-14 22:00:00.000
1,67,3,7:08,2014-12-14 22:00:00.000
1,67,4,7:14,2014-12-14 22:00:00.000
1,67,5,7:23,2014-12-14 22:00:00.000
1,67,6,7:29,2014-12-14 22:00:00.000
1,67,7,7:36,2014-12-14 22:00:00.000
1,67,8,7:41,2014-12-14 22:00:00.000
1,67,9,7:48,2014-12-14 22:00:00.000
1,67,10,7:56,2014-12-14 22:00:00.000
1,67,11,8:03,2014-12-14 22:00:00.000
1,67,12,8:07,2014-12-14 22:00:00.000
1,67,13,8:11,2014-12-14 22:00:00.000
1,67,14,8:20,2014-12-14 22:00:00.000
1,67,15,8:25,2014-12-14 22:00:00.000
1,67,16,8:32,2014-12-14 22:00:00.000
1,67,17,8:50,2014-12-14 22:00:00.000
1,68,1,7:50,2014-12-14 22:00:00.000
1,68,2,7:58,2014-12-14 22:00:00.000
1,68,3,8:08,2014-12-14 22:00:00.000
1,68,4,8:14,2014-12-14 22:00:00.000
1,68,5,8:23,2014-12-14 22:00:00.000
1,68,6,8:29,2014-12-14 22:00:00.000
1,68,7,8:36,2014-12-14 22:00:00.000
1,68,8,8:41,2014-12-14 22:00:00.000
1,68,9,8:48,2014-12-14 22:00:00.000
1,68,10,8:56,2014-12-14 22:00:00.000
1,68,11,9:03,2014-12-14 22:00:00.000
1,68,12,9:07,2014-12-14 22:00:00.000
1,68,13,9:11,2014-12-14 22:00:00.000
1,68,14,9:20,2014-12-14 22:00:00.000
1,68,15,9:25,2014-12-14 22:00:00.000
1,68,16,9:32,2014-12-14 22:00:00.000
1,68,17,9:50,2014-12-14 22:00:00.000
1,69,1,8:50,2014-12-14 22:00:00.000
1,69,2,8:58,2014-12-14 22:00:00.000
1,69,3,9:08,2014-12-14 22:00:00.000
1,69,4,9:14,2014-12-14 22:00:00.000
1,69,5,9:23,2014-12-14 22:00:00.000
1,69,6,9:29,2014-12-14 22:00:00.000
1,69,7,9:36,2014-12-14 22:00:00.000
1,69,8,9:41,2014-12-14 22:00:00.000
1,69,9,9:48,2014-12-14 22:00:00.000
1,69,10,9:56,2014-12-14 22:00:00.000
1,69,11,10:03,2014-12-14 22:00:00.000
1,69,12,10:07,2014-12-14 22:00:00.000
1,69,13,10:11,2014-12-14 22:00:00.000
1,69,14,10:20,2014-12-14 22:00:00.000
1,69,15,10:25,2014-12-14 22:00:00.000
1,69,16,10:32,2014-12-14 22:00:00.000
1,69,17,10:50,2014-12-14 22:00:00.000
1,70,1,9:50,2014-12-14 22:00:00.000
1,70,2,9:58,2014-12-14 22:00:00.000
1,70,3,10:08,2014-12-14 22:00:00.000
1,70,4,10:14,2014-12-14 22:00:00.000
1,70,5,10:23,2014-12-14 22:00:00.000
1,70,6,10:29,2014-12-14 22:00:00.000
1,70,7,10:36,2014-12-14 22:00:00.000
1,70,8,10:41,2014-12-14 22:00:00.000
1,70,9,10:48,2014-12-14 22:00:00.000
1,70,10,10:56,2014-12-14 22:00:00.000
1,70,11,11:03,2014-12-14 22:00:00.000
1,70,12,11:07,2014-12-14 22:00:00.000
1,70,13,11:11,2014-12-14 22:00:00.000
1,70,14,11:20,2014-12-14 22:00:00.000
1,70,15,11:25,2014-12-14 22:00:00.000
1,70,16,11:32,2014-12-14 22:00:00.000
1,70,17,11:50,2014-12-14 22:00:00.000
1,71,1,10:50,2014-12-14 22:00:00.000
1,71,2,10:58,2014-12-14 22:00:00.000
1,71,3,11:08,2014-12-14 22:00:00.000
1,71,4,11:14,2014-12-14 22:00:00.000
1,71,5,11:23,2014-12-14 22:00:00.000
1,71,6,11:29,2014-12-14 22:00:00.000
1,71,7,11:36,2014-12-14 22:00:00.000
1,71,8,11:41,2014-12-14 22:00:00.000
1,71,9,11:48,2014-12-14 22:00:00.000
1,71,10,11:56,2014-12-14 22:00:00.000
1,71,11,12:03,2014-12-14 22:00:00.000
1,71,12,12:07,2014-12-14 22:00:00.000
1,71,13,12:11,2014-12-14 22:00:00.000
1,71,14,12:20,2014-12-14 22:00:00.000
1,71,15,12:25,2014-12-14 22:00:00.000
1,71,16,12:32,2014-12-14 22:00:00.000
1,71,17,12:50,2014-12-14 22:00:00.000
1,72,1,11:50,2014-12-14 22:00:00.000
1,72,2,11:58,2014-12-14 22:00:00.000
1,72,3,12:08,2014-12-14 22:00:00.000
1,72,4,12:14,2014-12-14 22:00:00.000
1,72,5,12:23,2014-12-14 22:00:00.000
1,72,6,12:29,2014-12-14 22:00:00.000
1,72,7,12:36,2014-12-14 22:00:00.000
1,72,8,12:41,2014-12-14 22:00:00.000
1,72,9,12:48,2014-12-14 22:00:00.000
1,72,10,12:56,2014-12-14 22:00:00.000
1,72,11,13:03,2014-12-14 22:00:00.000
1,72,12,13:07,2014-12-14 22:00:00.000
1,72,13,13:11,2014-12-14 22:00:00.000
1,72,14,13:20,2014-12-14 22:00:00.000
1,72,15,13:25,2014-12-14 22:00:00.000
1,72,16,13:32,2014-12-14 22:00:00.000
1,72,17,13:50,2014-12-14 22:00:00.000
1,73,1,12:50,2014-12-14 22:00:00.000
1,73,2,12:58,2014-12-14 22:00:00.000
1,73,3,13:08,2014-12-14 22:00:00.000
1,73,4,13:14,2014-12-14 22:00:00.000
1,73,5,13:23,2014-12-14 22:00:00.000
1,73,6,13:29,2014-12-14 22:00:00.000
1,73,7,13:36,2014-12-14 22:00:00.000
1,73,8,13:41,2014-12-14 22:00:00.000
1,73,9,13:48,2014-12-14 22:00:00.000
1,73,10,13:56,2014-12-14 22:00:00.000
1,73,11,14:03,2014-12-14 22:00:00.000
1,73,12,14:07,2014-12-14 22:00:00.000
1,73,13,14:11,2014-12-14 22:00:00.000
1,73,14,14:20,2014-12-14 22:00:00.000
1,73,15,14:25,2014-12-14 22:00:00.000
1,73,16,14:32,2014-12-14 22:00:00.000
1,73,17,14:50,2014-12-14 22:00:00.000
1,74,1,13:50,2014-12-14 22:00:00.000
1,74,2,13:58,2014-12-14 22:00:00.000
1,74,3,14:08,2014-12-14 22:00:00.000
1,74,4,14:14,2014-12-14 22:00:00.000
1,74,5,14:23,2014-12-14 22:00:00.000
1,74,6,14:29,2014-12-14 22:00:00.000
1,74,7,14:36,2014-12-14 22:00:00.000
1,74,8,14:41,2014-12-14 22:00:00.000
1,74,9,14:48,2014-12-14 22:00:00.000
1,74,10,14:56,2014-12-14 22:00:00.000
1,74,11,15:03,2014-12-14 22:00:00.000
1,74,12,15:07,2014-12-14 22:00:00.000
1,74,13,15:11,2014-12-14 22:00:00.000
1,74,14,15:20,2014-12-14 22:00:00.000
1,74,15,15:25,2014-12-14 22:00:00.000
1,74,16,15:32,2014-12-14 22:00:00.000
1,74,17,15:50,2014-12-14 22:00:00.000
1,75,1,14:50,2014-12-14 22:00:00.000
1,75,2,14:58,2014-12-14 22:00:00.000
1,75,3,15:08,2014-12-14 22:00:00.000
1,75,4,15:14,2014-12-14 22:00:00.000
1,75,5,15:23,2014-12-14 22:00:00.000
1,75,6,15:29,2014-12-14 22:00:00.000
1,75,7,15:36,2014-12-14 22:00:00.000
1,75,8,15:41,2014-12-14 22:00:00.000
1,75,9,15:48,2014-12-14 22:00:00.000
1,75,10,15:56,2014-12-14 22:00:00.000
1,75,11,16:03,2014-12-14 22:00:00.000
1,75,12,16:07,2014-12-14 22:00:00.000
1,75,13,16:11,2014-12-14 22:00:00.000
1,75,14,16:20,2014-12-14 22:00:00.000
1,75,15,16:25,2014-12-14 22:00:00.000
1,75,16,16:32,2014-12-14 22:00:00.000
1,75,17,16:50,2014-12-14 22:00:00.000
1,76,1,15:50,2014-12-14 22:00:00.000
1,76,2,15:58,2014-12-14 22:00:00.000
1,76,3,16:08,2014-12-14 22:00:00.000
1,76,4,16:14,2014-12-14 22:00:00.000
1,76,5,16:23,2014-12-14 22:00:00.000
1,76,6,16:29,2014-12-14 22:00:00.000
1,76,7,16:36,2014-12-14 22:00:00.000
1,76,8,16:41,2014-12-14 22:00:00.000
1,76,9,16:48,2014-12-14 22:00:00.000
1,76,10,16:56,2014-12-14 22:00:00.000
1,76,11,17:03,2014-12-14 22:00:00.000
1,76,12,17:07,2014-12-14 22:00:00.000
1,76,13,17:11,2014-12-14 22:00:00.000
1,76,14,17:20,2014-12-14 22:00:00.000
1,76,15,17:25,2014-12-14 22:00:00.000
1,76,16,17:32,2014-12-14 22:00:00.000
1,76,17,17:50,2014-12-14 22:00:00.000
1,77,1,16:50,2014-12-14 22:00:00.000
1,77,2,16:58,2014-12-14 22:00:00.000
1,77,3,17:08,2014-12-14 22:00:00.000
1,77,4,17:14,2014-12-14 22:00:00.000
1,77,5,17:23,2014-12-14 22:00:00.000
1,77,6,17:29,2014-12-14 22:00:00.000
1,77,7,17:36,2014-12-14 22:00:00.000
1,77,8,17:41,2014-12-14 22:00:00.000
1,77,9,17:48,2014-12-14 22:00:00.000
1,77,10,17:56,2014-12-14 22:00:00.000
1,77,11,18:03,2014-12-14 22:00:00.000
1,77,12,18:07,2014-12-14 22:00:00.000
1,77,13,18:11,2014-12-14 22:00:00.000
1,77,14,18:20,2014-12-14 22:00:00.000
1,77,15,18:25,2014-12-14 22:00:00.000
1,77,16,18:32,2014-12-14 22:00:00.000
1,77,17,18:50,2014-12-14 22:00:00.000
1,78,1,17:50,2014-12-14 22:00:00.000
1,78,2,17:58,2014-12-14 22:00:00.000
1,78,3,18:08,2014-12-14 22:00:00.000
1,78,4,18:14,2014-12-14 22:00:00.000
1,78,5,18:23,2014-12-14 22:00:00.000
1,78,6,18:29,2014-12-14 22:00:00.000
1,78,7,18:36,2014-12-14 22:00:00.000
1,78,8,18:41,2014-12-14 22:00:00.000
1,78,9,18:48,2014-12-14 22:00:00.000
1,78,10,18:56,2014-12-14 22:00:00.000
1,78,11,19:03,2014-12-14 22:00:00.000
1,78,12,19:07,2014-12-14 22:00:00.000
1,78,13,19:11,2014-12-14 22:00:00.000
1,78,14,19:20,2014-12-14 22:00:00.000
1,78,15,19:25,2014-12-14 22:00:00.000
1,78,16,19:32,2014-12-14 22:00:00.000
1,78,17,19:50,2014-12-14 22:00:00.000
1,79,1,18:50,2014-12-14 22:00:00.000
1,79,2,18:58,2014-12-14 22:00:00.000
1,79,3,19:08,2014-12-14 22:00:00.000
1,79,4,19:14,2014-12-14 22:00:00.000
1,79,5,19:23,2014-12-14 22:00:00.000
1,79,6,19:29,2014-12-14 22:00:00.000
1,79,7,19:36,2014-12-14 22:00:00.000
1,79,8,19:41,2014-12-14 22:00:00.000
1,79,9,19:48,2014-12-14 22:00:00.000
1,79,10,19:56,2014-12-14 22:00:00.000
1,79,11,20:03,2014-12-14 22:00:00.000
1,79,12,20:07,2014-12-14 22:00:00.000
1,79,13,20:11,2014-12-14 22:00:00.000
1,79,14,20:20,2014-12-14 22:00:00.000
1,79,15,20:25,2014-12-14 22:00:00.000
1,79,16,20:32,2014-12-14 22:00:00.000
1,79,17,20:50,2014-12-14 22:00:00.000
1,80,1,21:00,2014-12-14 22:00:00.000
1,80,2,21:08,2014-12-14 22:00:00.000
1,80,3,21:18,2014-12-14 22:00:00.000
1,80,4,21:24,2014-12-14 22:00:00.000
1,80,5,21:33,2014-12-14 22:00:00.000
1,80,6,21:39,2014-12-14 22:00:00.000
1,80,7,21:46,2014-12-14 22:00:00.000
1,80,8,21:51,2014-12-14 22:00:00.000
1,80,9,21:58,2014-12-14 22:00:00.000
1,80,10,22:06,2014-12-14 22:00:00.000
1,80,11,22:13,2014-12-14 22:00:00.000
1,80,12,22:17,2014-12-14 22:00:00.000
1,80,13,22:21,2014-12-14 22:00:00.000
1,80,14,22:30,2014-12-14 22:00:00.000
1,80,15,22:35,2014-12-14 22:00:00.000
1,80,16,22:42,2014-12-14 22:00:00.000
1,80,17,23:00,2014-12-14 22:00:00.000
